ds_rank,name,pos,team,pos_rank,ds_tier,games,adp,bye,sos,injury,floor,cons_proj,proj,ceil,value
1,J Gibbs,RB,DET,1,1,17.0,1,6.0,0.9,0.54,294.0,353.0,359.0,413.0,100.0
2,P Nacua,WR,LAR,1,1,17.0,4,11.0,-3.1,0.51,270.0,330.0,355.0,398.0,98.0
3,B Robinson,RB,ATL,2,1,17.0,2,11.0,-3.2,0.25,294.0,342.0,345.0,404.0,95.0
4,J Chase,WR,CIN,2,1,17.0,3,6.0,4.0,0.37,291.0,327.0,339.0,400.0,95.0
5,C McCaffrey,RB,SF,3,1,17.0,5,8.0,0.7,0.78,275.0,316.0,331.0,411.0,89.0
6,J Smith-Njigba,WR,SEA,3,2,17.0,6,11.0,-0.1,0.39,286.0,304.0,315.0,375.0,83.0
7,A St. Brown,WR,DET,4,2,17.0,8,6.0,-1.0,0.37,288.0,299.0,316.0,357.0,81.0
8,C Lamb,WR,DAL,5,2,17.0,10,14.0,-0.7,0.44,262.0,270.0,301.0,361.0,74.0
9,J Jefferson,WR,MIN,6,2,17.0,11,6.0,4.9,0.36,248.0,263.0,292.0,379.0,73.0
10,J Taylor,RB,IND,4,2,17.0,7,13.0,1.7,0.37,254.0,297.0,299.0,364.0,70.0
11,J Cook,RB,BUF,5,2,17.0,9,7.0,-4.2,0.36,253.0,267.0,294.0,362.0,68.0
12,K Walker III,RB,KC,6,2,17.0,17,5.0,0.6,0.34,231.0,247.0,278.0,361.0,61.0
13,S Barkley,RB,PHI,7,2,17.0,14,10.0,4.4,0.35,235.0,254.0,270.0,368.0,60.0
14,D London,WR,ATL,7,3,17.0,20,11.0,0.4,0.73,248.0,262.0,272.0,330.0,59.0
15,A Brown,WR,NE,8,3,17.0,18,11.0,-2.5,0.61,227.0,257.0,271.0,344.0,59.0
16,A Jeanty,RB,LVR,8,3,16.0,16,13.0,-3.1,0.39,209.0,246.0,270.0,367.0,58.0
17,D Achane,RB,MIA,9,3,17.0,12,6.0,0.8,0.68,234.0,276.0,272.0,351.0,57.0
18,N Collins,WR,HOU,9,3,17.0,23,8.0,4.4,0.49,234.0,252.0,268.0,333.0,57.0
19,C Brown,RB,CIN,10,3,17.0,13,6.0,-4.0,0.45,227.0,263.0,267.0,355.0,56.0
20,O Hampton,RB,LAC,11,3,17.0,15,7.0,0.6,0.73,224.0,248.0,261.0,362.0,55.0
21,G Pickens,WR,DAL,10,3,17.0,22,14.0,-0.7,0.36,228.0,248.0,262.0,332.0,54.0
22,R Rice,WR,KC,11,3,17.0,31,5.0,-2.6,0.74,208.0,243.0,266.0,330.0,53.0
23,B Bowers,TE,LVR,1,3,17.0,21,13.0,-1.0,0.81,236.0,246.0,260.0,312.0,53.0
24,D Henry,RB,BAL,12,3,17.0,19,13.0,-0.1,0.33,223.0,252.0,263.0,334.0,51.0
25,T McBride,TE,ARI,2,3,17.0,25,14.0,-3.6,0.46,236.0,243.0,254.0,305.0,51.0
26,J Allen,QB,BUF,1,3,17.0,24,7.0,-3.4,0.33,302.0,358.0,373.0,436.0,49.0
27,C Olave,WR,NO,12,4,17.0,26,8.0,0.9,0.75,216.0,244.0,257.0,308.0,48.0
28,M Nabers,WR,NYG,13,4,16.0,27,8.0,3.7,0.39,192.0,235.0,243.0,341.0,48.0
29,Z Flowers,WR,BAL,14,4,17.0,34,13.0,-0.3,0.36,225.0,238.0,253.0,296.0,46.0
30,D Smith,WR,PHI,15,4,17.0,32,10.0,6.6,0.5,223.0,234.0,243.0,306.0,44.0
31,B Hall,RB,NYJ,13,4,17.0,33,13.0,-2.5,0.43,212.0,235.0,250.0,317.0,43.0
32,T Higgins,WR,CIN,16,4,17.0,39,6.0,4.0,0.66,217.0,227.0,243.0,302.0,43.0
33,C Loveland,TE,CHI,3,4,17.0,42,10.0,-3.6,0.6,197.0,221.0,240.0,288.0,43.0
34,J Love,RB,ARI,14,4,17.0,28,14.0,0.1,0.34,208.0,237.0,239.0,340.0,43.0
35,G Wilson,WR,NYJ,17,4,17.0,38,13.0,-1.0,0.38,219.0,228.0,243.0,299.0,42.0
36,J Williams,RB,DAL,15,4,17.0,29,14.0,2.9,0.43,209.0,229.0,243.0,309.0,40.0
37,J Waddle,WR,DEN,18,4,17.0,44,10.0,-2.5,0.37,199.0,219.0,234.0,300.0,38.0
38,T Warren,TE,IND,4,4,17.0,52,13.0,1.5,0.36,184.0,203.0,224.0,266.0,36.0
39,L Jackson,QB,BAL,2,4,17.0,43,13.0,1.1,0.42,299.0,324.0,340.0,439.0,35.0
40,T Etienne,RB,NO,16,4,17.0,35,8.0,1.8,0.45,209.0,222.0,227.0,314.0,35.0
41,D Adams,WR,LAR,19,5,17.0,51,11.0,-3.1,0.49,189.0,211.0,230.0,290.0,34.0
42,C Watson,WR,GB,20,5,17.0,61,11.0,1.3,0.25,188.0,197.0,229.0,293.0,34.0
43,K Williams,RB,LAR,17,5,17.0,30,11.0,6.4,0.52,202.0,225.0,226.0,308.0,33.0
44,T McMillan,WR,CAR,22,5,17.0,36,5.0,-1.3,0.37,199.0,220.0,224.0,291.0,33.0
45,L Burden III,WR,CHI,21,5,17.0,50,10.0,-2.5,0.54,189.0,206.0,222.0,300.0,33.0
46,E Egbuka,WR,TB,23,5,17.0,37,10.0,2.6,0.42,188.0,214.0,222.0,297.0,32.0
47,L McConkey,WR,LAC,24,5,17.0,40,7.0,-2.6,0.42,194.0,219.0,220.0,295.0,32.0
48,D Swift,RB,CHI,18,5,17.0,45,10.0,-3.6,0.42,191.0,210.0,225.0,299.0,30.0
49,J Burrow,QB,CIN,4,5,17.0,57,6.0,3.2,0.34,290.0,309.0,337.0,421.0,29.0
50,D Maye,QB,NE,5,5,17.0,55,11.0,-2.8,0.35,292.0,315.0,335.0,422.0,29.0
51,J Hurts,QB,PHI,3,5,17.0,67,10.0,8.8,0.33,289.0,311.0,332.0,432.0,29.0
52,J Daniels,QB,WAS,6,5,17.0,64,7.0,-0.4,0.41,286.0,313.0,332.0,432.0,29.0
53,M Evans,WR,SF,26,5,17.0,63,8.0,-3.2,0.65,173.0,196.0,217.0,295.0,29.0
54,T McLaurin,WR,WAS,25,5,17.0,53,7.0,-2.4,0.37,190.0,212.0,216.0,287.0,29.0
55,C Skattebo,RB,NYG,19,5,17.0,41,8.0,2.2,0.72,176.0,217.0,214.0,302.0,28.0
56,B Irving,RB,TB,20,5,17.0,49,10.0,-2.2,0.63,184.0,206.0,211.0,298.0,28.0
57,J Williams,WR,DET,27,5,17.0,54,6.0,-1.0,0.36,185.0,207.0,210.0,286.0,27.0
58,D Montgomery,RB,HOU,21,5,17.0,48,8.0,2.0,0.85,178.0,196.0,207.0,296.0,27.0
59,R Odunze,WR,CHI,28,5,17.0,60,10.0,-2.5,0.36,181.0,197.0,206.0,297.0,27.0
60,R Stevenson,RB,NE,22,5,17.0,65,11.0,-1.9,0.64,173.0,180.0,206.0,289.0,27.0
61,T Kraft,TE,GB,5,5,17.0,69,11.0,-3.3,0.39,167.0,182.0,196.0,257.0,27.0
62,H Fannin Jr.,TE,CLE,7,5,17.0,70,11.0,3.4,0.57,173.0,185.0,197.0,250.0,26.0
63,S LaPorta,TE,DET,6,5,17.0,77,6.0,-2.0,0.6,172.0,190.0,196.0,254.0,26.0
64,T Lawrence,QB,JAC,7,6,17.0,88,7.0,4.5,0.34,279.0,304.0,328.0,414.0,26.0
65,J Herbert,QB,LAC,8,6,17.0,84,7.0,-2.8,0.36,280.0,297.0,326.0,418.0,26.0
66,C Williams,QB,CHI,9,6,17.0,76,10.0,-3.5,0.2,278.0,302.0,324.0,421.0,26.0
67,Q Judkins,RB,CLE,23,6,17.0,46,11.0,0.6,0.48,181.0,204.0,201.0,291.0,26.0
68,B Purdy,QB,SF,10,6,17.0,117,8.0,-4.0,0.36,277.0,297.0,326.0,414.0,25.0
69,K Murray,QB,MIN,11,6,17.0,134,6.0,4.0,0.33,273.0,283.0,325.0,419.0,25.0
70,D Prescott,QB,DAL,12,6,17.0,81,14.0,0.5,0.34,282.0,300.0,324.0,412.0,25.0
71,P Washington,WR,JAC,30,6,17.0,62,7.0,4.0,0.0,175.0,188.0,211.0,275.0,25.0
72,D Moore,WR,BUF,29,6,17.0,47,7.0,0.7,0.54,175.0,197.0,209.0,282.0,25.0
73,J Warren,RB,PIT,24,6,17.0,66,9.0,-2.1,0.66,161.0,187.0,201.0,276.0,25.0
74,J Dart,QB,NYG,13,6,17.0,98,8.0,4.8,0.36,277.0,298.0,318.0,417.0,24.0
75,B Tuten,RB,JAC,25,6,17.0,56,7.0,0.9,0.43,157.0,183.0,183.0,303.0,24.0
76,T Henderson,RB,NE,26,6,17.0,58,11.0,-1.9,0.64,154.0,181.0,183.0,302.0,23.0
77,J Price,RB,SEA,27,6,17.0,59,11.0,5.6,0.29,146.0,180.0,182.0,297.0,23.0
78,B Nix,QB,DEN,14,7,17.0,111,10.0,-3.7,0.28,279.0,291.0,310.0,410.0,22.0
79,D Metcalf,WR,PIT,31,7,17.0,75,9.0,-2.6,0.36,174.0,188.0,207.0,263.0,22.0
80,K Pitts,TE,ATL,8,7,17.0,72,11.0,4.8,0.53,170.0,179.0,185.0,246.0,22.0
81,R Dowdle,RB,PIT,28,7,17.0,80,9.0,-2.1,0.27,157.0,174.0,183.0,280.0,22.0
82,J Brooks,RB,CAR,29,7,17.0,79,5.0,-6.0,0.35,144.0,161.0,175.0,301.0,22.0
83,P Mahomes,QB,KC,15,7,17.0,112,5.0,-3.2,0.37,276.0,295.0,307.0,414.0,21.0
84,C Tate,WR,TEN,32,7,17.0,68,9.0,5.0,0.4,168.0,174.0,200.0,280.0,21.0
85,M Harrison Jr.,WR,ARI,33,7,17.0,71,14.0,-0.8,0.55,173.0,181.0,196.0,277.0,21.0
86,G Kittle,TE,SF,9,7,17.0,90,8.0,-3.6,0.44,141.0,184.0,186.0,260.0,21.0
87,J Goff,QB,DET,16,7,17.0,122,6.0,-0.9,0.23,279.0,279.0,303.0,403.0,20.0
88,J Reed,WR,GB,34,7,17.0,109,11.0,1.3,0.36,167.0,181.0,201.0,266.0,20.0
89,T Pollard,RB,TEN,30,7,17.0,74,9.0,2.9,0.35,151.0,170.0,175.0,270.0,20.0
90,M Lloyd,RB,GB,31,7,17.0,114,11.0,-2.2,0.72,141.0,158.0,168.0,289.0,20.0
91,M Stafford,QB,LAR,17,7,17.0,103,11.0,-0.0,0.39,278.0,283.0,299.0,403.0,19.0
92,M Pittman Jr.,WR,PIT,36,7,17.0,92,9.0,-2.6,0.6,173.0,179.0,201.0,257.0,19.0
93,C Sutton,WR,DEN,35,7,17.0,73,10.0,-2.5,0.43,171.0,184.0,198.0,264.0,19.0
94,J Dobbins,RB,DEN,32,7,17.0,89,10.0,0.1,0.39,145.0,160.0,170.0,269.0,19.0
95,J Love,QB,GB,18,7,17.0,145,11.0,-0.3,0.82,277.0,278.0,298.0,402.0,18.0
96,T Shough,QB,NO,19,7,17.0,149,8.0,0.5,0.17,273.0,274.0,297.0,406.0,18.0
97,B Mayfield,QB,TB,20,8,17.0,135,10.0,-0.8,0.37,278.0,278.0,292.0,406.0,18.0
98,J Addison,WR,MIN,37,8,17.0,104,6.0,4.9,0.37,162.0,167.0,196.0,266.0,18.0
99,C Godwin,WR,TB,39,8,17.0,86,10.0,2.6,0.4,154.0,175.0,190.0,280.0,18.0
100,B Thomas Jr.,WR,JAC,38,8,17.0,78,7.0,4.0,0.35,164.0,178.0,188.0,279.0,18.0
101,R Harvey,RB,DEN,33,8,17.0,82,10.0,0.1,0.36,136.0,154.0,164.0,271.0,18.0
102,J Croskey-Merritt,RB,WAS,34,8,17.0,108,7.0,4.2,0.3,132.0,140.0,163.0,272.0,18.0
103,J Mason,RB,MIN,35,8,17.0,99,6.0,-0.1,0.39,132.0,146.0,163.0,268.0,18.0
104,Q Johnston,WR,LAC,40,8,17.0,97,7.0,-2.6,0.56,157.0,170.0,192.0,270.0,17.0
105,C Hubbard,RB,CAR,36,8,17.0,87,5.0,-6.0,0.36,129.0,152.0,153.0,277.0,17.0
106,J Meyers,WR,JAC,41,8,17.0,118,7.0,4.0,0.37,160.0,168.0,193.0,260.0,16.0
107,J Downs,WR,IND,43,8,17.0,106,13.0,-0.8,0.61,157.0,167.0,190.0,266.0,16.0
108,S Diggs,WR,WAS,42,8,17.0,102,7.0,-2.4,0.31,154.0,167.0,186.0,275.0,16.0
109,T Spears,RB,TEN,37,8,17.0,142,9.0,2.9,0.37,130.0,137.0,159.0,257.0,16.0
110,K Gainwell,RB,TB,39,8,17.0,95,10.0,-2.2,0.31,135.0,157.0,151.0,263.0,16.0
111,B Corum,RB,LAR,38,8,17.0,93,11.0,6.4,0.33,135.0,138.0,148.0,272.0,16.0
112,K Monangai,RB,CHI,40,8,17.0,100,10.0,-3.6,0.0,132.0,144.0,148.0,263.0,16.0
113,T Kelce,TE,KC,10,8,17.0,101,5.0,1.9,0.42,158.0,174.0,183.0,220.0,15.0
114,R White,RB,WAS,41,9,17.0,110,7.0,4.2,0.39,124.0,145.0,145.0,259.0,15.0
115,M Willis,QB,MIA,21,9,17.0,162,6.0,-2.0,0.15,264.0,264.0,275.0,410.0,14.0
116,B Aubrey,K,DAL,1,9,17.0,96,14.0,-3.5,0.08,157.0,175.0,176.0,190.0,14.0
117,W Marks,RB,HOU,42,9,17.0,128,8.0,2.0,0.0,125.0,117.0,139.0,265.0,14.0
118,D Jones,QB,IND,22,9,17.0,182,13.0,1.6,0.36,260.0,261.0,276.0,404.0,13.0
119,X Worthy,WR,KC,44,9,17.0,125,5.0,-2.6,0.35,149.0,156.0,182.0,266.0,13.0
120,A Jones,RB,MIN,43,9,17.0,119,6.0,-0.1,0.65,114.0,150.0,143.0,248.0,13.0
121,R Doubs,WR,NE,45,9,17.0,124,11.0,-2.5,0.37,155.0,163.0,180.0,264.0,12.0
122,K Concepcion,WR,CLE,47,9,17.0,121,11.0,4.3,0.29,148.0,151.0,180.0,265.0,12.0
123,J Jacobs,RB,GB,44,9,9.0,,11.0,-2.2,0.67,36.0,103.0,148.0,200.0,12.0
124,Z Charbonnet,RB,SEA,45,9,10.0,144,11.0,5.6,0.37,71.0,136.0,134.0,213.0,12.0
125,D Moore,WR,UNS,46,9,17.0,408,18.0,,0.0,111.0,6.0,117.0,420.0,12.0
126,M Wilson,WR,ARI,48,9,17.0,83,14.0,-0.8,0.42,150.0,171.0,179.0,263.0,11.0
127,A Pierce,WR,IND,49,9,17.0,91,13.0,-0.8,0.67,149.0,174.0,174.0,269.0,11.0
128,W Robinson,WR,TEN,50,9,17.0,94,9.0,5.0,0.36,154.0,169.0,177.0,258.0,10.0
129,C Dicker,K,LAC,2,9,17.0,130,7.0,-3.1,0.09,151.0,160.0,169.0,181.0,10.0
130,M Lemon,WR,PHI,52,9,17.0,105,10.0,6.6,0.33,144.0,147.0,168.0,279.0,10.0
131,M Golden,WR,GB,51,9,17.0,120,11.0,1.3,0.37,150.0,164.0,167.0,278.0,10.0
132,S Shepard,WR,UNS,53,9,17.0,338,18.0,,0.26,105.0,0.0,131.0,380.0,10.0
133,D Sampson,RB,CLE,46,10,17.0,158,11.0,0.6,0.34,109.0,99.0,125.0,232.0,10.0
134,K Mitchell,RB,LAC,47,10,17.0,150,7.0,0.6,0.33,100.0,88.0,116.0,255.0,10.0
135,C Ward,QB,TEN,23,10,17.0,198,9.0,6.3,0.39,252.0,232.0,263.0,402.0,9.0
136,H Texans,DEF,HOU,1,10,17.0,330,8.0,-4.0,0.0,110.0,110.0,125.0,140.0,9.0
137,C Rodriguez,RB,JAC,48,10,17.0,129,7.0,0.9,0.27,99.0,104.0,108.0,255.0,8.0
138,N Westbrook-Ikhine,WR,UNS,54,10,17.0,721,18.0,,0.0,93.0,27.0,106.0,423.0,8.0
139,C Stroud,QB,HOU,24,10,17.0,180,8.0,4.4,0.29,264.0,262.0,270.0,388.0,7.0
140,G Dortch,WR,UNS,55,10,17.0,462,18.0,,0.18,130.0,36.0,139.0,327.0,7.0
141,D Kincaid,TE,BUF,11,11,17.0,116,7.0,-1.4,0.62,142.0,158.0,161.0,222.0,7.0
142,M Washington Jr.,RB,LVR,49,11,17.0,143,13.0,-3.1,0.21,85.0,88.0,101.0,253.0,7.0
143,K Shakir,WR,BUF,56,11,17.0,139,7.0,0.7,0.35,152.0,160.0,173.0,238.0,6.0
144,J Tyson,WR,NO,58,11,13.0,126,8.0,0.9,0.45,109.0,136.0,171.0,225.0,6.0
145,D Samuel,WR,SF,57,11,17.0,137,8.0,-3.2,0.51,135.0,156.0,164.0,264.0,6.0
146,D Goedert,TE,PHI,12,11,17.0,123,10.0,7.1,0.83,144.0,160.0,164.0,208.0,6.0
147,K Fairbairn,K,HOU,3,11,17.0,132,8.0,0.6,0.0,147.0,166.0,158.0,177.0,6.0
148,D Broncos,DEF,DEN,2,11,17.0,366,10.0,6.2,0.0,104.0,105.0,121.0,135.0,6.0
149,S Seahawks,DEF,SEA,3,11,17.0,140,11.0,-4.2,0.0,103.0,109.0,121.0,133.0,6.0
150,T Allgeier,RB,ARI,50,11,17.0,131,14.0,0.1,0.23,87.0,91.0,107.0,221.0,6.0
151,S Darnold,QB,SEA,27,11,17.0,181,11.0,0.4,0.29,258.0,258.0,261.0,391.0,5.0
152,B Young,QB,CAR,25,11,17.0,199,5.0,-0.8,0.32,245.0,252.0,247.0,396.0,5.0
153,J Brissett,QB,ARI,26,11,13.0,224,14.0,-1.2,0.1,194.0,257.0,247.0,357.0,5.0
154,J Ferguson,TE,DAL,13,11,17.0,113,14.0,-2.5,0.55,148.0,164.0,164.0,199.0,5.0
155,D Stribling,WR,SF,60,11,17.0,115,8.0,-3.2,0.0,136.0,147.0,153.0,276.0,5.0
156,C Little,K,JAC,4,11,17.0,146,7.0,-0.7,0.0,145.0,148.0,151.0,180.0,5.0
157,V Jefferson,WR,UNS,59,11,17.0,568,18.0,,0.22,107.0,5.0,118.0,367.0,5.0
158,P Steelers,DEF,PIT,4,11,17.0,202,9.0,12.2,0.0,106.0,102.0,114.0,136.0,5.0
159,B Robinson Jr.,RB,ATL,51,11,17.0,157,11.0,-3.2,0.36,86.0,83.0,103.0,216.0,5.0
160,M Andrews,TE,BAL,14,11,17.0,127,13.0,3.6,0.36,140.0,159.0,159.0,212.0,4.0
161,C Santos,K,CHI,5,11,17.0,223,10.0,-1.1,0.0,144.0,147.0,153.0,176.0,4.0
162,E Pineiro,K,SF,6,12,17.0,189,8.0,2.0,0.0,144.0,145.0,152.0,173.0,4.0
163,E McPherson,K,CIN,7,12,17.0,194,6.0,0.7,0.0,145.0,149.0,151.0,176.0,4.0
164,B Ravens,DEF,BAL,5,12,17.0,207,13.0,13.1,0.0,106.0,98.0,114.0,134.0,4.0
165,A Kamara,RB,NO,52,12,16.0,153,8.0,1.8,0.39,77.0,99.0,109.0,226.0,4.0
166,T Tracy Jr.,RB,NYG,53,12,17.0,151,8.0,2.2,0.34,67.0,66.0,96.0,225.0,4.0
167,A Rodgers,QB,PIT,28,12,17.0,218,9.0,-2.1,0.53,253.0,219.0,258.0,385.0,3.0
168,J Johnson,TE,NO,16,12,17.0,147,8.0,-0.1,0.45,137.0,150.0,160.0,201.0,3.0
169,R Shaheed,WR,SEA,61,12,17.0,138,11.0,-0.1,0.38,137.0,139.0,159.0,253.0,3.0
170,I Likely,TE,NYG,15,12,17.0,107,8.0,3.2,0.73,143.0,159.0,157.0,208.0,3.0
171,J Myers,K,SEA,8,12,17.0,141,11.0,1.0,0.0,147.0,164.0,150.0,175.0,3.0
172,H Mevis,K,LAR,10,12,17.0,161,11.0,0.7,0.0,145.0,158.0,150.0,175.0,3.0
173,J Bates,K,DET,9,12,17.0,155,6.0,4.2,0.08,146.0,154.0,149.0,175.0,3.0
174,M Vikings,DEF,MIN,6,12,17.0,183,6.0,-12.4,0.0,101.0,104.0,111.0,133.0,3.0
175,P Eagles,DEF,PHI,7,12,17.0,219,10.0,-14.5,0.0,102.0,97.0,108.0,140.0,3.0
176,L Rams,DEF,LAR,8,12,17.0,133,11.0,-5.0,0.0,102.0,106.0,108.0,140.0,3.0
177,J Coleman,RB,DEN,54,12,17.0,148,10.0,0.1,0.0,74.0,54.0,83.0,245.0,3.0
178,G Smith,QB,NYJ,29,12,16.0,526,13.0,-4.4,0.36,214.0,235.0,241.0,387.0,2.0
179,F Mendoza,QB,LVR,30,12,13.0,208,13.0,-6.2,0.23,178.0,241.0,240.0,356.0,2.0
180,B Strange,TE,JAC,17,12,17.0,154,7.0,2.5,0.48,137.0,152.0,159.0,202.0,2.0
181,N Patriots,DEF,NE,9,12,17.0,216,11.0,0.2,0.0,98.0,95.0,113.0,128.0,2.0
182,J Hill,RB,BAL,55,12,17.0,396,13.0,-0.1,0.32,87.0,94.0,96.0,193.0,2.0
183,J Coker,WR,CAR,62,12,17.0,136,5.0,-1.3,0.18,137.0,155.0,150.0,258.0,1.0
184,W Reichard,K,MIN,11,12,17.0,197,6.0,1.0,0.0,145.0,142.0,148.0,174.0,1.0
185,T Smack,K,GB,12,13,17.0,211,11.0,0.6,0.0,140.0,145.0,149.0,174.0,1.0
186,J McMillan,WR,TB,63,13,17.0,185,10.0,2.6,0.39,127.0,125.0,149.0,261.0,1.0
187,D Boston,WR,CLE,64,13,17.0,163,11.0,4.3,0.42,130.0,135.0,148.0,262.0,1.0
188,J Jaguars,DEF,JAC,10,13,17.0,167,7.0,-2.7,0.0,100.0,94.0,108.0,133.0,1.0
189,L Chargers,DEF,LAC,11,13,17.0,172,7.0,0.4,0.0,100.0,94.0,107.0,136.0,1.0
190,E Johnson,RB,KC,56,13,17.0,184,5.0,0.6,0.18,69.0,46.0,81.0,217.0,1.0
191,K Allen,WR,IND,65,13,17.0,168,13.0,-0.8,0.49,126.0,119.0,149.0,258.0,0.0
192,W Lutz,K,DEN,13,13,17.0,247,10.0,-3.5,0.0,144.0,146.0,147.0,171.0,0.0
193,H Butker,K,KC,14,13,17.0,173,5.0,0.1,0.0,144.0,143.0,147.0,169.0,0.0
194,K Chiefs,DEF,KC,12,13,17.0,257,5.0,2.1,0.0,98.0,85.0,107.0,134.0,0.0
195,D Lions,DEF,DET,13,13,17.0,193,6.0,10.7,0.0,99.0,102.0,106.0,134.0,0.0
196,I Pacheco,RB,DET,60,13,12.0,156,6.0,0.9,0.36,45.0,93.0,88.0,149.0,0.0
197,M Davis,RB,DAL,57,13,17.0,479,14.0,2.9,0.0,62.0,70.0,75.0,218.0,0.0
198,N Harris,RB,NYG,58,13,17.0,229,8.0,2.2,0.39,58.0,64.0,73.0,222.0,0.0
199,B Allen,RB,NYJ,59,13,17.0,187,13.0,-2.5,0.42,68.0,78.0,71.0,214.0,0.0
200,T Loop,K,BAL,15,13,17.0,174,13.0,-1.6,0.0,134.0,150.0,146.0,175.0,-1.0
201,B Bills,DEF,BUF,14,13,17.0,256,7.0,0.4,0.0,98.0,97.0,106.0,131.0,-1.0
202,N Giants,DEF,NYG,15,13,17.0,307,8.0,-7.9,0.0,98.0,85.0,106.0,131.0,-1.0
203,J Conner,RB,ARI,62,13,13.0,234,14.0,0.1,0.34,50.0,68.0,85.0,150.0,-1.0
204,C Brooks,RB,GB,61,13,17.0,595,11.0,-2.2,0.0,64.0,73.0,73.0,209.0,-1.0
205,H Henry,TE,NE,18,13,17.0,152,11.0,-3.5,0.47,134.0,147.0,150.0,198.0,-2.0
206,T Tucker,WR,LVR,66,14,17.0,165,13.0,-5.0,0.0,127.0,131.0,150.0,241.0,-2.0
207,A Borregales,K,NE,16,14,17.0,206,11.0,0.2,0.0,141.0,137.0,146.0,168.0,-2.0
208,G Holani,RB,SEA,64,14,17.0,469,11.0,5.6,0.0,66.0,37.0,83.0,190.0,-2.0
209,N Singleton,RB,TEN,63,14,17.0,215,9.0,2.9,0.19,55.0,30.0,63.0,218.0,-2.0
210,T Bigsby,RB,PHI,65,14,17.0,159,10.0,4.4,0.22,57.0,75.0,60.0,210.0,-2.0
211,C Boswell,K,PIT,17,14,17.0,196,9.0,-2.9,0.0,141.0,139.0,144.0,168.0,-3.0
212,A Mitchell,WR,NYJ,67,14,17.0,204,13.0,-1.0,0.28,122.0,109.0,142.0,256.0,-3.0
213,G Packers,DEF,GB,16,14,17.0,254,11.0,-2.2,0.0,95.0,86.0,103.0,131.0,-3.0
214,S Perine,RB,CIN,66,14,17.0,515,6.0,-4.0,0.36,73.0,86.0,86.0,168.0,-3.0
215,I Davis,RB,NYJ,67,14,17.0,512,13.0,-2.5,0.0,68.0,49.0,73.0,173.0,-3.0
216,S Tucker,RB,TB,70,14,17.0,232,10.0,-2.2,0.2,53.0,40.0,67.0,190.0,-3.0
217,K Allen,RB,WAS,69,14,17.0,231,7.0,4.2,0.24,54.0,29.0,63.0,199.0,-3.0
218,K Black,RB,SF,68,14,17.0,171,8.0,0.7,0.0,56.0,72.0,62.0,202.0,-3.0
219,D Schultz,TE,HOU,19,14,17.0,170,8.0,0.5,0.57,137.0,142.0,152.0,188.0,-4.0
220,C McLaughlin,K,TB,18,14,17.0,230,10.0,5.0,0.0,140.0,143.0,144.0,167.0,-4.0
221,C Bears,DEF,CHI,17,14,17.0,261,10.0,-4.8,0.0,94.0,97.0,103.0,129.0,-4.0
222,C Browns,DEF,CLE,18,14,17.0,291,11.0,8.0,0.0,95.0,87.0,103.0,129.0,-4.0
223,K Vidal,RB,LAC,71,14,17.0,221,7.0,0.6,0.0,61.0,48.0,66.0,178.0,-4.0
224,M Valdes-Scantling,WR,UNS,68,15,17.0,544,18.0,,0.17,78.0,13.0,104.0,353.0,-4.0
225,T Buccaneers,DEF,TB,19,15,17.0,275,10.0,5.5,0.0,96.0,87.0,102.0,129.0,-4.0
226,T Johnson,RB,BUF,74,15,17.0,410,7.0,-4.2,0.29,69.0,73.0,82.0,151.0,-4.0
227,L Allen,RB,JAC,73,15,17.0,459,7.0,0.9,0.21,64.0,37.0,70.0,161.0,-4.0
228,K Miller,RB,NO,72,15,17.0,274,8.0,1.8,0.33,46.0,25.0,53.0,207.0,-4.0
229,R Davis,RB,BUF,75,15,17.0,200,7.0,-4.2,0.24,46.0,49.0,50.0,211.0,-4.0
230,J Elliott,K,PHI,19,15,17.0,241,10.0,-0.9,0.0,139.0,136.0,144.0,164.0,-5.0
231,C Okonkwo,TE,WAS,20,15,17.0,176,7.0,-3.0,0.22,131.0,133.0,141.0,195.0,-5.0
232,K Sadiq,TE,NYJ,21,15,17.0,166,13.0,-1.5,0.24,125.0,128.0,139.0,203.0,-5.0
233,T Hockenson,TE,MIN,23,15,17.0,164,6.0,2.0,0.51,132.0,139.0,147.0,188.0,-6.0
234,T Bass,K,BUF,20,15,17.0,266,7.0,-1.6,0.0,138.0,141.0,142.0,164.0,-6.0
235,C Ridley,WR,TEN,69,15,17.0,222,9.0,5.0,0.48,112.0,115.0,140.0,244.0,-6.0
236,O Cooper Jr.,WR,NYJ,70,15,17.0,195,13.0,-1.0,0.38,112.0,89.0,130.0,262.0,-6.0
237,T Ferguson,TE,LAR,22,15,17.0,178,11.0,-2.2,0.0,116.0,123.0,128.0,208.0,-6.0
238,S 49ers,DEF,SF,20,15,17.0,228,8.0,1.7,0.0,95.0,82.0,102.0,125.0,-6.0
239,D Singletary,RB,NYG,76,15,17.0,412,8.0,2.2,0.29,50.0,14.0,54.0,167.0,-6.0
240,D Zvada,K,NYG,21,15,17.0,633,8.0,0.2,0.0,134.0,111.0,141.0,166.0,-7.0
241,J Jeudy,WR,CLE,71,15,17.0,175,11.0,4.3,0.32,116.0,123.0,136.0,245.0,-7.0
242,J Nailor,WR,LVR,72,15,17.0,169,13.0,-5.0,0.0,116.0,125.0,136.0,242.0,-7.0
243,I Colts,DEF,IND,21,15,17.0,263,13.0,10.2,0.0,94.0,85.0,99.0,128.0,-7.0
244,T Titans,DEF,TEN,22,15,17.0,318,9.0,-0.2,0.0,94.0,81.0,97.0,129.0,-7.0
245,B Smith,RB,KC,77,15,17.0,290,5.0,0.6,0.22,52.0,39.0,64.0,141.0,-7.0
246,E Wilson,RB,SEA,80,15,17.0,262,11.0,5.6,0.0,43.0,45.0,54.0,159.0,-7.0
247,S McGowan,RB,IND,78,15,17.0,627,13.0,1.7,0.0,44.0,33.0,51.0,169.0,-7.0
248,J Wright,RB,MIA,79,15,17.0,245,6.0,0.8,0.23,42.0,47.0,50.0,173.0,-7.0
249,O Gordon II,RB,MIA,81,15,17.0,590,6.0,0.8,0.0,40.0,27.0,46.0,172.0,-7.0
250,R Fitzgerald,K,CAR,22,15,17.0,327,5.0,3.2,0.0,135.0,127.0,140.0,163.0,-8.0
